{"cameraMode":{"drawMode":0,"name":"Shaded","section":"Shading Mode"},"sceneLighting":true,"audioPlay":false,"sceneViewState":{"showFog":true,"showMaterialUpdate":false,"showSkybox":true,"showFlares":true,"showImageEffects":true,"showParticleSystems":true},"in2DMode":false,"pivot":{"x":3.374427318572998,"y":1.7447906732559205,"z":-2.4448652267456056},"rotation":{"x":0.011473070830106736,"y":0.9842896461486816,"z":-0.16177184879779817,"w":0.06980136781930924},"size":8.5048828125,"orthographic":true}