{"cameraMode":{"drawMode":0,"name":"Shaded","section":"Shading Mode"},"sceneLighting":false,"audioPlay":false,"sceneViewState":{"showFog":true,"showMaterialUpdate":false,"showSkybox":true,"showFlares":true,"showImageEffects":true,"showParticleSystems":true},"in2DMode":false,"pivot":{"x":1.024878740310669,"y":1.4498660564422608,"z":-2.5899999141693117},"rotation":{"x":-0.004375094082206488,"y":-0.9923709034919739,"z":0.11754380911588669,"w":-0.03693706914782524},"size":0.8954655528068543,"orthographic":true}