{"cameraMode":{"drawMode":0,"name":"Shaded","section":"Shading Mode"},"sceneLighting":true,"audioPlay":false,"sceneViewState":{"showFog":true,"showMaterialUpdate":false,"showSkybox":true,"showFlares":true,"showImageEffects":true,"showParticleSystems":true},"in2DMode":false,"pivot":{"x":2.263688087463379,"y":1.5351378917694092,"z":-1.4018845558166505},"rotation":{"x":-0.1431122124195099,"y":0.07297439128160477,"z":-0.010582494549453259,"w":-0.9869557619094849},"size":1.4894899129867554,"orthographic":true}