{"cameraMode":{"drawMode":0,"name":"Shaded","section":"Shading Mode"},"sceneLighting":false,"audioPlay":false,"sceneViewState":{"showFog":true,"showMaterialUpdate":false,"showSkybox":true,"showFlares":true,"showImageEffects":true,"showParticleSystems":true},"in2DMode":false,"pivot":{"x":1.2982988357543946,"y":1.361026644706726,"z":-2.115000009536743},"rotation":{"x":0.007170267403125763,"y":0.9876322746276856,"z":-0.14926597476005555,"w":0.047442756593227389},"size":0.6669386625289917,"orthographic":true}