{"cameraMode":{"drawMode":0,"name":"Shaded","section":"Shading Mode"},"sceneLighting":true,"audioPlay":false,"sceneViewState":{"showFog":true,"showMaterialUpdate":false,"showSkybox":true,"showFlares":true,"showImageEffects":true,"showParticleSystems":true},"in2DMode":false,"pivot":{"x":2.263688087463379,"y":1.5351378917694092,"z":-1.4018845558166505},"rotation":{"x":0.166987806558609,"y":-0.8326628804206848,"z":0.3599238097667694,"w":0.3863191604614258},"size":1.9626785516738892,"orthographic":true}