{"cameraMode":{"drawMode":0,"name":"Shaded","section":"Shading Mode"},"sceneLighting":false,"audioPlay":false,"sceneViewState":{"showFog":true,"showMaterialUpdate":false,"showSkybox":true,"showFlares":true,"showImageEffects":true,"showParticleSystems":true},"in2DMode":false,"pivot":{"x":2.936988353729248,"y":1.2751379013061524,"z":-1.9516844749450684},"rotation":{"x":-0.02905714325606823,"y":-0.9668418169021606,"z":0.12836964428424836,"w":-0.21884693205356599},"size":0.617341160774231,"orthographic":true}