{"cameraMode":{"drawMode":0,"name":"Shaded","section":"Shading Mode"},"sceneLighting":true,"audioPlay":false,"sceneViewState":{"showFog":true,"showMaterialUpdate":false,"showSkybox":true,"showFlares":true,"showImageEffects":true,"showParticleSystems":true},"in2DMode":false,"pivot":{"x":3.339613914489746,"y":1.2326037883758546,"z":-1.2515017986297608},"rotation":{"x":0.3875655233860016,"y":-0.44813016057014468,"z":0.22448581457138062,"w":0.7736785411834717},"size":6.1770920753479,"orthographic":true}