{"cameraMode":{"drawMode":0,"name":"Shaded","section":"Shading Mode"},"sceneLighting":true,"audioPlay":false,"sceneViewState":{"showFog":true,"showMaterialUpdate":false,"showSkybox":true,"showFlares":true,"showImageEffects":true,"showParticleSystems":true},"in2DMode":false,"pivot":{"x":0.6399998664855957,"y":2.0,"z":-1.8500001430511475},"rotation":{"x":-0.2529667913913727,"y":-0.37357011437416079,"z":-0.10665450245141983,"w":0.886046290397644},"size":0.5542284846305847,"orthographic":true}