{"cameraMode":{"drawMode":0,"name":"Shaded","section":"Shading Mode"},"sceneLighting":true,"audioPlay":false,"sceneViewState":{"showFog":true,"showMaterialUpdate":false,"showSkybox":true,"showFlares":true,"showImageEffects":true,"showParticleSystems":true},"in2DMode":false,"pivot":{"x":1.0118671655654908,"y":0.8547874093055725,"z":-2.5899999141693117},"rotation":{"x":-0.00976409763097763,"y":-0.9827185273170471,"z":0.17669172585010529,"w":-0.05430527776479721},"size":2.0898795127868654,"orthographic":true}