{"cameraMode":{"drawMode":0,"name":"Shaded","section":"Shading Mode"},"sceneLighting":false,"audioPlay":false,"sceneViewState":{"showFog":true,"showMaterialUpdate":false,"showSkybox":true,"showFlares":true,"showImageEffects":true,"showParticleSystems":true},"in2DMode":false,"pivot":{"x":2.936988353729248,"y":1.2751379013061524,"z":-1.9516844749450684},"rotation":{"x":-0.08707882463932038,"y":-0.912921130657196,"z":0.28239965438842776,"w":-0.281500905752182},"size":0.617341160774231,"orthographic":true}