{"cameraMode":{"drawMode":0,"name":"Shaded","section":"Shading Mode"},"sceneLighting":false,"audioPlay":false,"sceneViewState":{"showFog":true,"showMaterialUpdate":false,"showSkybox":true,"showFlares":true,"showImageEffects":true,"showParticleSystems":true},"in2DMode":false,"pivot":{"x":1.024878740310669,"y":1.4498660564422608,"z":-2.5899999141693117},"rotation":{"x":0.05831173062324524,"y":-0.9369972944259644,"z":0.19032719731330872,"w":0.2870737314224243},"size":0.8954655528068543,"orthographic":true}