{"cameraMode":{"drawMode":0,"name":"Shaded","section":"Shading Mode"},"sceneLighting":true,"audioPlay":false,"sceneViewState":{"showFog":true,"showMaterialUpdate":false,"showSkybox":true,"showFlares":true,"showImageEffects":true,"showParticleSystems":true},"in2DMode":false,"pivot":{"x":-6.699232578277588,"y":-0.6526927947998047,"z":2.8287010192871095},"rotation":{"x":-0.041324079036712649,"y":0.9568396806716919,"z":-0.2314280867576599,"w":-0.1708545833826065},"size":21.58816909790039,"orthographic":false}