{"cameraMode":{"drawMode":0,"name":"Shaded","section":"Shading Mode"},"sceneLighting":true,"audioPlay":false,"sceneViewState":{"showFog":true,"showMaterialUpdate":false,"showSkybox":true,"showFlares":true,"showImageEffects":true,"showParticleSystems":true},"in2DMode":false,"pivot":{"x":-10.22625732421875,"y":-4.163256645202637,"z":-8.797832489013672},"rotation":{"x":-0.00855638924986124,"y":0.9878866076469421,"z":-0.14324770867824555,"w":-0.05905073881149292},"size":29.38949966430664,"orthographic":true}