{"cameraMode":{"drawMode":0,"name":"Shaded","section":"Shading Mode"},"sceneLighting":true,"audioPlay":false,"sceneViewState":{"showFog":true,"showMaterialUpdate":false,"showSkybox":true,"showFlares":true,"showImageEffects":true,"showParticleSystems":true},"in2DMode":false,"pivot":{"x":-0.49000000953674319,"y":1.1299999952316285,"z":-2.9800000190734865},"rotation":{"x":-0.20165614783763886,"y":-0.24784314632415772,"z":0.052824944257736209,"w":-0.9461067914962769},"size":1.7495769262313843,"orthographic":true}