{"cameraMode":{"drawMode":0,"name":"Shaded","section":"Shading Mode"},"sceneLighting":false,"audioPlay":false,"sceneViewState":{"showFog":true,"showMaterialUpdate":false,"showSkybox":true,"showFlares":true,"showImageEffects":true,"showParticleSystems":true},"in2DMode":false,"pivot":{"x":27.149993896484376,"y":-9.949996948242188,"z":0.0},"rotation":{"x":-0.037766195833683017,"y":0.04255472868680954,"z":-0.0016082102665677667,"w":-0.9983788132667542},"size":176.12322998046876,"orthographic":false}