{"cameraMode":{"drawMode":0,"name":"Shaded","section":"Shading Mode"},"sceneLighting":true,"audioPlay":false,"sceneViewState":{"showFog":true,"showMaterialUpdate":false,"showSkybox":true,"showFlares":true,"showImageEffects":true,"showParticleSystems":true},"in2DMode":false,"pivot":{"x":0.8722810745239258,"y":1.541548728942871,"z":-1.607839584350586},"rotation":{"x":0.14835788309574128,"y":-0.1594594419002533,"z":0.024246426299214364,"w":0.9756919741630554},"size":2.3141567707061769,"orthographic":true}