{"cameraMode":{"drawMode":0,"name":"Shaded","section":"Shading Mode"},"sceneLighting":true,"audioPlay":false,"sceneViewState":{"showFog":true,"showMaterialUpdate":true,"showSkybox":true,"showFlares":true,"showImageEffects":true,"showParticleSystems":true},"in2DMode":false,"pivot":{"x":2.6675353050231935,"y":1.1184895038604737,"z":-1.4020452499389649},"rotation":{"x":0.03182079643011093,"y":-0.9640777111053467,"z":0.22613734006881715,"w":0.13565973937511445},"size":3.8113555908203127,"orthographic":true}