{"cameraMode":{"drawMode":0,"name":"Shaded","section":"Shading Mode"},"sceneLighting":true,"audioPlay":false,"sceneViewState":{"showFog":true,"showMaterialUpdate":false,"showSkybox":true,"showFlares":true,"showImageEffects":true,"showParticleSystems":true},"in2DMode":false,"pivot":{"x":0.6674644351005554,"y":2.365596055984497,"z":0.062431663274765018},"rotation":{"x":0.08201305568218231,"y":0.045427389442920688,"z":0.003741899272426963,"w":-0.9955884218215942},"size":4.7555437088012699,"orthographic":false}