{"cameraMode":{"drawMode":0,"name":"Shaded","section":"Shading Mode"},"sceneLighting":true,"audioPlay":false,"sceneViewState":{"showFog":true,"showMaterialUpdate":false,"showSkybox":true,"showFlares":true,"showImageEffects":true,"showParticleSystems":true},"in2DMode":false,"pivot":{"x":1.0210847854614258,"y":0.8033895492553711,"z":-2.112966537475586},"rotation":{"x":-0.43229275941848757,"y":-0.05404850095510483,"z":0.025970011949539186,"w":-0.8997372984886169},"size":0.8761159777641296,"orthographic":true}