{"cameraMode":{"drawMode":0,"name":"Shaded","section":"Shading Mode"},"sceneLighting":false,"audioPlay":false,"sceneViewState":{"showFog":true,"showMaterialUpdate":false,"showSkybox":true,"showFlares":true,"showImageEffects":true,"showParticleSystems":true},"in2DMode":false,"pivot":{"x":1.9648540019989014,"y":1.3566594123840333,"z":-2.0561258792877199},"rotation":{"x":0.139035165309906,"y":-0.013368017971515656,"z":0.00187700055539608,"w":0.9901954531669617},"size":0.2514408230781555,"orthographic":true}