{"cameraMode":{"drawMode":0,"name":"Shaded","section":"Shading Mode"},"sceneLighting":false,"audioPlay":false,"sceneViewState":{"showFog":true,"showMaterialUpdate":false,"showSkybox":true,"showFlares":true,"showImageEffects":true,"showParticleSystems":true},"in2DMode":false,"pivot":{"x":2.902560234069824,"y":1.2455226182937623,"z":-1.948073387145996},"rotation":{"x":0.30609825253486636,"y":0.3315945565700531,"z":-0.11469198763370514,"w":0.8849828839302063},"size":0.4681037962436676,"orthographic":true}