{"cameraMode":{"drawMode":0,"name":"Shaded","section":"Shading Mode"},"sceneLighting":true,"audioPlay":false,"sceneViewState":{"showFog":true,"showMaterialUpdate":false,"showSkybox":true,"showFlares":true,"showImageEffects":true,"showParticleSystems":true},"in2DMode":false,"pivot":{"x":2.466521739959717,"y":1.2254726886749268,"z":-2.081099510192871},"rotation":{"x":0.34476834535598757,"y":-0.34776872396469118,"z":0.13930664956569673,"w":0.8606889843940735},"size":1.599599838256836,"orthographic":true}