{"cameraMode":{"drawMode":0,"name":"Shaded","section":"Shading Mode"},"sceneLighting":true,"audioPlay":false,"sceneViewState":{"showFog":true,"showMaterialUpdate":false,"showSkybox":true,"showFlares":true,"showImageEffects":true,"showParticleSystems":true},"in2DMode":false,"pivot":{"x":1.0343348979949952,"y":0.9852511882781982,"z":-2.1523561477661135},"rotation":{"x":0.19905996322631837,"y":2.102829341765755e-7,"z":-3.0945520279601626e-7,"w":0.9799873232841492},"size":1.360978126525879,"orthographic":true}