{"cameraMode":{"drawMode":0,"name":"Shaded","section":"Shading Mode"},"sceneLighting":true,"audioPlay":false,"sceneViewState":{"showFog":true,"showMaterialUpdate":true,"showSkybox":true,"showFlares":true,"showImageEffects":true,"showParticleSystems":true},"in2DMode":false,"pivot":{"x":3.818962335586548,"y":1.4804226160049439,"z":-1.8243240118026734},"rotation":{"x":0.10026882588863373,"y":0.899552583694458,"z":-0.29102879762649538,"w":0.30992525815963747},"size":4.578763961791992,"orthographic":true}