{"cameraMode":{"drawMode":0,"name":"Shaded","section":"Shading Mode"},"sceneLighting":true,"audioPlay":false,"sceneViewState":{"showFog":true,"showMaterialUpdate":false,"showSkybox":true,"showFlares":true,"showImageEffects":true,"showParticleSystems":true},"in2DMode":false,"pivot":{"x":0.9625749588012695,"y":1.5644445419311524,"z":-2.8299999237060549},"rotation":{"x":-0.1699618250131607,"y":-0.07619258016347885,"z":0.013183219358325005,"w":-0.9824123382568359},"size":3.051746368408203,"orthographic":false}