{"cameraMode":{"drawMode":0,"name":"Shaded","section":"Shading Mode"},"sceneLighting":false,"audioPlay":false,"sceneViewState":{"showFog":true,"showMaterialUpdate":false,"showSkybox":true,"showFlares":true,"showImageEffects":true,"showParticleSystems":true},"in2DMode":false,"pivot":{"x":3.063999891281128,"y":1.4500000476837159,"z":-1.6500000953674317},"rotation":{"x":0.39364999532699587,"y":0.41824930906295779,"z":-0.2079499363899231,"w":0.791747510433197},"size":0.973654568195343,"orthographic":true}