{"cameraMode":{"drawMode":0,"name":"Shaded","section":"Shading Mode"},"sceneLighting":false,"audioPlay":false,"sceneViewState":{"showFog":true,"showMaterialUpdate":false,"showSkybox":true,"showFlares":true,"showImageEffects":true,"showParticleSystems":true},"in2DMode":false,"pivot":{"x":2.11899995803833,"y":1.0104008913040162,"z":-1.753000020980835},"rotation":{"x":0.11561496555805206,"y":-0.23890264332294465,"z":0.028660813346505166,"w":0.9637101292610169},"size":0.7394604086875916,"orthographic":true}