{"cameraMode":{"drawMode":0,"name":"Shaded","section":"Shading Mode"},"sceneLighting":true,"audioPlay":false,"sceneViewState":{"showFog":true,"showMaterialUpdate":false,"showSkybox":true,"showFlares":true,"showImageEffects":true,"showParticleSystems":true},"in2DMode":false,"pivot":{"x":3.034940481185913,"y":1.2546849250793458,"z":-1.2443606853485108},"rotation":{"x":0.054945096373558047,"y":-0.8863338828086853,"z":0.1090308427810669,"w":0.44666045904159548},"size":0.15895318984985352,"orthographic":true}