{"cameraMode":{"drawMode":0,"name":"Shaded","section":"Shading Mode"},"sceneLighting":false,"audioPlay":false,"sceneViewState":{"showFog":true,"showMaterialUpdate":false,"showSkybox":true,"showFlares":true,"showImageEffects":true,"showParticleSystems":true},"in2DMode":false,"pivot":{"x":2.2002696990966799,"y":1.2748732566833497,"z":-1.801904559135437},"rotation":{"x":0.0886361375451088,"y":-0.16506105661392213,"z":0.01489507406949997,"w":0.982179582118988},"size":0.440178781747818,"orthographic":true}