{"cameraMode":{"drawMode":0,"name":"Shaded","section":"Shading Mode"},"sceneLighting":false,"audioPlay":false,"sceneViewState":{"showFog":true,"showMaterialUpdate":false,"showSkybox":true,"showFlares":true,"showImageEffects":true,"showParticleSystems":true},"in2DMode":false,"pivot":{"x":1.4210047721862794,"y":1.2696428298950196,"z":-2.4667694568634035},"rotation":{"x":-0.039215922355651858,"y":0.6090502142906189,"z":-0.030172590166330339,"w":-0.7915867567062378},"size":0.26834815740585329,"orthographic":true}