{"cameraMode":{"drawMode":0,"name":"Shaded","section":"Shading Mode"},"sceneLighting":true,"audioPlay":false,"sceneViewState":{"showFog":true,"showMaterialUpdate":false,"showSkybox":true,"showFlares":true,"showImageEffects":true,"showParticleSystems":true},"in2DMode":false,"pivot":{"x":1.4235515594482422,"y":1.2465401887893677,"z":-1.9742202758789063},"rotation":{"x":-0.18926551938056947,"y":-0.7945253849029541,"z":0.48767513036727908,"w":-0.3083520829677582},"size":5.691963195800781,"orthographic":true}