{"cameraMode":{"drawMode":0,"name":"Shaded","section":"Shading Mode"},"sceneLighting":true,"audioPlay":false,"sceneViewState":{"showFog":true,"showMaterialUpdate":false,"showSkybox":true,"showFlares":true,"showImageEffects":true,"showParticleSystems":true},"in2DMode":false,"pivot":{"x":2.904400110244751,"y":1.4834787845611573,"z":-2.0049848556518556},"rotation":{"x":0.24435123801231385,"y":0.19277265667915345,"z":-0.04963299632072449,"w":0.9490352272987366},"size":1.4801629781723023,"orthographic":true}