{"cameraMode":{"drawMode":0,"name":"Shaded","section":"Shading Mode"},"sceneLighting":false,"audioPlay":false,"sceneViewState":{"showFog":true,"showMaterialUpdate":false,"showSkybox":true,"showFlares":true,"showImageEffects":true,"showParticleSystems":true},"in2DMode":false,"pivot":{"x":3.8843283653259279,"y":1.6483299732208253,"z":-2.4730000495910646},"rotation":{"x":0.08533207327127457,"y":-0.03855264559388161,"z":0.0033048009499907495,"w":0.9956009387969971},"size":0.742430567741394,"orthographic":true}