{"cameraMode":{"drawMode":0,"name":"Shaded","section":"Shading Mode"},"sceneLighting":false,"audioPlay":false,"sceneViewState":{"showFog":true,"showMaterialUpdate":false,"showSkybox":true,"showFlares":true,"showImageEffects":true,"showParticleSystems":true},"in2DMode":false,"pivot":{"x":1.3079484701156617,"y":1.2696428298950196,"z":-2.586254835128784},"rotation":{"x":-0.05641327053308487,"y":-0.3384321331977844,"z":-0.02032764069736004,"w":0.9390783309936523},"size":0.25216633081436159,"orthographic":true}