{"cameraMode":{"drawMode":0,"name":"Shaded","section":"Shading Mode"},"sceneLighting":false,"audioPlay":false,"sceneViewState":{"showFog":true,"showMaterialUpdate":false,"showSkybox":true,"showFlares":true,"showImageEffects":true,"showParticleSystems":true},"in2DMode":false,"pivot":{"x":0.0008100008708424866,"y":0.0,"z":-0.00018000009004026651},"rotation":{"x":0.04927579686045647,"y":-0.7394313216209412,"z":0.0544467493891716,"w":0.6692150235176086},"size":0.00384797272272408,"orthographic":true}