{"cameraMode":{"drawMode":0,"name":"Shaded","section":"Shading Mode"},"sceneLighting":false,"audioPlay":false,"sceneViewState":{"showFog":true,"showMaterialUpdate":false,"showSkybox":true,"showFlares":true,"showImageEffects":true,"showParticleSystems":true},"in2DMode":false,"pivot":{"x":2.1392202377319338,"y":1.2019274234771729,"z":-1.5633728504180909},"rotation":{"x":0.46671149134635928,"y":0.5332634449005127,"z":-0.49529382586479189,"w":0.5024884343147278},"size":0.6660610437393189,"orthographic":true}