{"cameraMode":{"drawMode":0,"name":"Shaded","section":"Shading Mode"},"sceneLighting":false,"audioPlay":false,"sceneViewState":{"showFog":true,"showMaterialUpdate":false,"showSkybox":true,"showFlares":true,"showImageEffects":true,"showParticleSystems":true},"in2DMode":false,"pivot":{"x":3.747999906539917,"y":1.3989436626434327,"z":-2.3389999866485597},"rotation":{"x":0.05337052419781685,"y":-0.008987393230199814,"z":0.00048174193943850696,"w":0.9985342621803284},"size":0.8235419392585754,"orthographic":true}