{"cameraMode":{"drawMode":0,"name":"Shaded","section":"Shading Mode"},"sceneLighting":true,"audioPlay":false,"sceneViewState":{"showFog":true,"showMaterialUpdate":false,"showSkybox":true,"showFlares":true,"showImageEffects":true,"showParticleSystems":true},"in2DMode":false,"pivot":{"x":1.4140000343322755,"y":1.2430000305175782,"z":-1.9930000305175782},"rotation":{"x":0.10266351699829102,"y":-0.7821048498153687,"z":0.13385267555713654,"w":0.599879801273346},"size":1.7841662168502808,"orthographic":true}