{"cameraMode":{"drawMode":0,"name":"Shaded","section":"Shading Mode"},"sceneLighting":false,"audioPlay":false,"sceneViewState":{"showFog":true,"showMaterialUpdate":false,"showSkybox":true,"showFlares":true,"showImageEffects":true,"showParticleSystems":true},"in2DMode":false,"pivot":{"x":1.4577409029006959,"y":1.332916259765625,"z":-1.9482784271240235},"rotation":{"x":0.12533347308635713,"y":0.16732099652290345,"z":-0.021448008716106416,"w":0.977668285369873},"size":0.6197112798690796,"orthographic":true}