{"cameraMode":{"drawMode":0,"name":"Shaded","section":"Shading Mode"},"sceneLighting":false,"audioPlay":false,"sceneViewState":{"showFog":true,"showMaterialUpdate":false,"showSkybox":true,"showFlares":true,"showImageEffects":true,"showParticleSystems":true},"in2DMode":false,"pivot":{"x":3.0117664337158205,"y":1.4428867101669312,"z":-1.6064612865447999},"rotation":{"x":0.21487709879875184,"y":-0.5038004517555237,"z":0.13100378215312959,"w":0.8263480067253113},"size":1.5007236003875733,"orthographic":true}