{"cameraMode":{"drawMode":0,"name":"Shaded","section":"Shading Mode"},"sceneLighting":false,"audioPlay":false,"sceneViewState":{"showFog":true,"showMaterialUpdate":false,"showSkybox":true,"showFlares":true,"showImageEffects":true,"showParticleSystems":true},"in2DMode":false,"pivot":{"x":3.063999891281128,"y":1.4500000476837159,"z":-1.6500000953674317},"rotation":{"x":0.13625529408454896,"y":0.49749982357025149,"z":-0.07946861535310745,"w":0.8530023694038391},"size":1.0307111740112305,"orthographic":true}