{"cameraMode":{"drawMode":0,"name":"Shaded","section":"Shading Mode"},"sceneLighting":true,"audioPlay":false,"sceneViewState":{"showFog":true,"showMaterialUpdate":false,"showSkybox":true,"showFlares":true,"showImageEffects":true,"showParticleSystems":true},"in2DMode":false,"pivot":{"x":0.6399998664855957,"y":1.9209617376327515,"z":-1.8499999046325684},"rotation":{"x":-0.080649234354496,"y":0.8367919921875,"z":0.12826846539974214,"w":0.526138961315155},"size":1.05568528175354,"orthographic":true}