{"cameraMode":{"drawMode":0,"name":"Shaded","section":"Shading Mode"},"sceneLighting":false,"audioPlay":false,"sceneViewState":{"showFog":true,"showMaterialUpdate":false,"showSkybox":true,"showFlares":true,"showImageEffects":true,"showParticleSystems":true},"in2DMode":false,"pivot":{"x":0.0008100008708424866,"y":0.0,"z":-0.00018000009004026651},"rotation":{"x":0.049275800585746768,"y":-0.7394313812255859,"z":0.0544467531144619,"w":0.6692150831222534},"size":0.003604403929784894,"orthographic":true}