{"cameraMode":{"drawMode":0,"name":"Shaded","section":"Shading Mode"},"sceneLighting":true,"audioPlay":false,"sceneViewState":{"showFog":true,"showMaterialUpdate":false,"showSkybox":true,"showFlares":true,"showImageEffects":true,"showParticleSystems":true},"in2DMode":false,"pivot":{"x":1.4235515594482422,"y":1.2465401887893677,"z":-1.9742202758789063},"rotation":{"x":0.12428206205368042,"y":-0.8743083477020264,"z":0.35724252462387087,"w":0.3041656017303467},"size":2.899725914001465,"orthographic":true}