{"cameraMode":{"drawMode":0,"name":"Shaded","section":"Shading Mode"},"sceneLighting":false,"audioPlay":false,"sceneViewState":{"showFog":true,"showMaterialUpdate":false,"showSkybox":true,"showFlares":true,"showImageEffects":true,"showParticleSystems":true},"in2DMode":false,"pivot":{"x":-0.004209786653518677,"y":0.057024359703063968,"z":1.4901161193847657e-8},"rotation":{"x":0.06431907415390015,"y":0.4998264014720917,"z":-0.03725498169660568,"w":0.8629302978515625},"size":0.9818434119224548,"orthographic":true}