{"cameraMode":{"drawMode":0,"name":"Shaded","section":"Shading Mode"},"sceneLighting":true,"audioPlay":false,"sceneViewState":{"showFog":true,"showMaterialUpdate":false,"showSkybox":true,"showFlares":true,"showImageEffects":true,"showParticleSystems":true},"in2DMode":false,"pivot":{"x":2.525059461593628,"y":1.7894675731658936,"z":-2.9231455326080324},"rotation":{"x":0.017950937151908876,"y":0.9710437059402466,"z":-0.2253158837556839,"w":0.07736040651798248},"size":9.028002738952637,"orthographic":true}