{"cameraMode":{"drawMode":0,"name":"Shaded","section":"Shading Mode"},"sceneLighting":true,"audioPlay":false,"sceneViewState":{"showFog":true,"showMaterialUpdate":false,"showSkybox":true,"showFlares":true,"showImageEffects":true,"showParticleSystems":true},"in2DMode":false,"pivot":{"x":-4.278860569000244,"y":3.097059726715088,"z":0.015494823455810547},"rotation":{"x":0.04666633531451225,"y":-0.8561146259307861,"z":0.07855667918920517,"w":0.5086442232131958},"size":7.120704650878906,"orthographic":true}