{"cameraMode":{"drawMode":0,"name":"Shaded","section":"Shading Mode"},"sceneLighting":false,"audioPlay":false,"sceneViewState":{"showFog":true,"showMaterialUpdate":false,"showSkybox":true,"showFlares":true,"showImageEffects":true,"showParticleSystems":true},"in2DMode":false,"pivot":{"x":2.11899995803833,"y":1.0104008913040162,"z":-1.753000020980835},"rotation":{"x":0.11561497300863266,"y":-0.23890265822410584,"z":0.028660815209150316,"w":0.9637101888656616},"size":0.7394604086875916,"orthographic":true}