{"cameraMode":{"drawMode":0,"name":"Shaded","section":"Shading Mode"},"sceneLighting":false,"audioPlay":false,"sceneViewState":{"showFog":true,"showMaterialUpdate":false,"showSkybox":true,"showFlares":true,"showImageEffects":true,"showParticleSystems":true},"in2DMode":false,"pivot":{"x":3.063999891281128,"y":1.4500000476837159,"z":-1.6500000953674317},"rotation":{"x":-0.002161419717594981,"y":-0.9923631548881531,"z":0.12207382172346115,"w":-0.017570888623595239},"size":2.857883930206299,"orthographic":true}