{"cameraMode":{"drawMode":0,"name":"Shaded","section":"Shading Mode"},"sceneLighting":false,"audioPlay":false,"sceneViewState":{"showFog":true,"showMaterialUpdate":false,"showSkybox":true,"showFlares":true,"showImageEffects":true,"showParticleSystems":true},"in2DMode":false,"pivot":{"x":3.063999891281128,"y":1.4500000476837159,"z":-1.6500000953674317},"rotation":{"x":0.13625530898571015,"y":0.49749988317489626,"z":-0.07946862280368805,"w":0.8530024886131287},"size":1.0307111740112305,"orthographic":true}